Average Clustering Coefficient of the Graph: 	0.2591491842233622
Node	Clustering Coefficient
96075778	0.0
1900501446	1.0
2888302602	0.0
18956303	0.03571428571428571
3962265616	0.4254032258064516
6815762	0.14285714285714285
47407124	0.09523809523809523
2694873111	0.6
2223669272	1.0
1481924634	0.1893939393939394
15585285	0.2482775590551181
20660256	0.24242424242424243
1971060774	0.23809523809523808
416743464	0.2646918299092212
2679726122	0.0
1931960364	0.2888064316635745
785629231	0.3333333333333333
2479865904	0.34285714285714286
1322663994	0.509090909090909
2546810941	0.3086680761099366
17586869	0.3333333333333333
1969627202	0.14545454545454545
2369126468	0.3794466403162055
14327878	0.1431693989071038
103429473	0.35873015873015873
4423098439	0.37777777777777777
1977200652	0.2
14188622	0.24358974358974358
1974575185	0.0
2680553557	0.26666666666666666
2803851354	0.1388888888888889
3345342556	0.2600806451612903
2400034909	0.0
53223520	0.10057142857142858
25485409	0.17857142857142858
2480136290	0.21921921921921922
4106698851	0.16666666666666666
116531304	0.25757575757575757
260472941	0.07937894878343864
742981742	0.3939393939393939
3246719090	0.0
30122100	0.38735177865612647
89759867	0.5454545454545454
384278652	0.0
1270063232	0.1575091575091575
2982379650	0.4714285714285714
4179920235	0.3333333333333333
374399109	0.42857142857142855
42991757	0.40041928721174
212230293	0.26373626373626374
47382678	0.06060606060606061
17973402	0.1747487215658614
330801307	0.16666666666666666
19251226	0.26455026455026454
884424865	0.3199365415124273
1519116451	0.375
3246669992	0.0
14164137	0.35402298850574715
112255149	0.16666666666666666
2984231087	0.2773826458036984
2508374192	0.3111111111111111
17498291	0.2318840579710145
167534772	0.0
14921758	0.35714285714285715
2759632244	0.4
17285310	0.27207207207207207
97640639	0.26666666666666666
2590285856	0.0
139460805	0.3333333333333333
40272074	0.7333333333333333
35160268	0.0
15179981	0.5333333333333333
523608270	0.5357142857142857
1473391309	0.14285714285714285
1054892244	0.15263157894736842
520207054	0.4358974358974359
47956182	0.31048387096774194
1539473623	0.045454545454545456
3227779288	1.0
123355357	0.3
3236159710	0.5
73433318	0.35555555555555557
463257833	0.3725198412698413
1972052202	0.0
2877612273	0.14166666666666666
529039604	0.0
294020478	0.19414893617021275
2655584503	0.3333333333333333
333848618	1.0
110969086	0.14285714285714285
254517504	0.16666666666666666
2387629440	0.24444444444444444
188489986	0.2573099415204678
1675124996	0.30952380952380953
3064439045	0.27877237851662406
2653905158	0.6666666666666666
2858976641	0.375
1969782828	0.26666666666666666
40608011	0.26285714285714284
3242819852	0.09166666666666666
2467520784	0.21190130624092887
285229333	0.19249374478732276
1974305046	0.26666666666666666
1970308484	0.17777777777777778
1973502234	0.24175824175824176
2515329308	0.2426470588235294
3162808605	0.3
385081631	0.5357142857142857
283140385	0.21242937853107344
46918365	0.0
50405680	0.25
19759409	0.27472527472527475
3430408498	0.0
234365235	1.0
337797430	0.3333333333333333
1900519735	0.1
1269440827	0.1906701221769715
67412285	0.19444444444444445
69574976	0.33879781420765026
4490977600	0.0
47702338	0.2957983193277311
2828992835	0.04668192219679634
1449566534	0.3333333333333333
228743905	0.5
3432448330	0.0
13500752	0.0
5550872	0.0
119718228	0.4586894586894587
1973354838	0.2
3223847255	0.1723076923076923
192201403	0.28654970760233917
2515116383	0.39285714285714285
2759598433	0.2
1970061667	0.0
2884247914	0.2857142857142857
1969684843	0.1111111111111111
1137295724	0.4666666666666667
1130588904	0.0
245621107	0.0
2423931254	0.05618523316062176
946086266	0.32727272727272727
2575073660	0.4
846701946	0.2857142857142857
2688524677	0.2536231884057971
1971347852	0.13333333333333333
2804736399	0.38181818181818183
75800977	0.6
1597354051	0.3333333333333333
577282452	0.38448979591836735
2297053591	0.14297279792746115
2480437999	0.1
1976959388	0.2
1978057117	0.2
931791266	0.0
191011569	0.0
1289019816	0.0
3176956332	0.0
3263185327	0.3333333333333333
255623240	0.2727272727272727
145686963	0.06666666666666667
21591454	0.36363636363636365
2709250490	0.0738480959394067
2152669634	0.23809523809523808
758620615	0.0
244359625	0.3611111111111111
2933572042	0.27205882352941174
1828217294	0.4
2547253711	0.6666666666666666
1306894802	0.2178030303030303
4473471443	0.0
98189793	0.24596774193548387
126157284	0.22134387351778656
214409701	0.0
2544411110	0.6666666666666666
32981486	0.28205128205128205
262914545	0.0
1976762875	0.08333333333333333
618840573	0.3850806451612903
2734374997	1.0
270035712	0.3
16204291	0.2727272727272727
66626052	0.0
89760262	0.2029598308668076
133448201	0.0
2856739338	0.0
12935692	0.256140350877193
155943437	0.28888888888888886
861141763	0.2
38027796	0.0
2704548373	0.0
16450071	0.09298063623789765
165388829	0.09090909090909091
174473760	0.6
115229218	0.3216374269005848
2801913948	0.0
26493482	0.05765978367748279
622117429	0.14285714285714285
92606559	0.0
315089469	0.4
260847029	0.0
1977516128	0.0
2496004674	0.5
44917315	0.3
1974796868	0.16666666666666666
14221895	0.13333333333333333
718709324	0.3333333333333333
2817270349	0.4444444444444444
17490510	0.12333657903278157
4439245393	0.06554621848739496
288916054	0.28888888888888886
489636440	0.07896575821104122
243606107	0.2
537268325	0.5
393421408	0.19047619047619047
265069157	0.16666666666666666
387277416	0.19047619047619047
3147989614	0.2875816993464052
817119859	0.07142857142857142
17449590	0.4095238095238095
260672276	0.10525678294573644
132121210	0.22058823529411764
1023025789	0.0
25959189	0.0
633266819	0.0
3308937866	0.36333333333333334
3432465035	0.0
428908653	0.23809523809523808
209734424	0.11538461538461539
197976724	0.26436781609195403
63349397	0.16666666666666666
153320217	0.2
506872472	0.0
4395337155	0.22727272727272727
113296029	0.2
619086497	0.6126482213438735
3402924707	0.5238095238095238
2565833382	1.0
260800626	0.36363636363636365
871334575	0.23809523809523808
1969996464	0.2
2838274745	0.47619047619047616
2979480251	0.47619047619047616
95257276	0.16666666666666666
226029800	0.2077922077922078
22282942	0.16666666666666666
452592320	0.0
1323115201	0.2323592302209551
304521922	0.19593253968253968
20292293	0.2
2437792460	0.15142539800074048
1354466766	0.42857142857142855
3201434331	0.28615384615384615
867304158	0.3447811447811448
74564319	0.13333333333333333
392192736	0.25
21127905	0.08187134502923976
3161752290	0.35
2794201829	0.0
1973568230	0.3333333333333333
2164417256	0.0
59540201	0.28421052631578947
15123183	0.35714285714285715
1969464049	0.0
275030772	0.0
3121259254	0.5
2572600055	0.42857142857142855
3248637396	0.0
1900479230	0.14285714285714285
1977892992	0.1
1435730690	0.1937232822437702
48485846	0.3
254714630	0.08831908831908832
16950025	0.42857142857142855
4210180877	0.3077816492450639
1354801934	0.42857142857142855
2675877336	0.0
3432386691	0.0
149209877	0.2571428571428571
143557400	0.4666666666666667
1357931292	0.0
3289989917	0.19523809523809524
82617123	0.0
3065996068	0.22973769525493665
359572266	0.17059748427672955
24036140	0.35119047619047616
18629425	0.2857142857142857
3412263731	0.2
2154693428	0.42323232323232324
226715102	0.2087912087912088
34445612	0.0
1314693948	1.0
126354240	0.16666666666666666
1329922886	0.30275482093663914
246866759	0.0773405698778833
119366477	0.3238095238095238
14252369	0.3245967741935484
2685297487	0.4444444444444444
252715856	0.3888888888888889
316404290	0.33251231527093594
1976025944	0.17857142857142858
91608548	0.2882911392405063
15221598	0.24560713349068974
1974588901	0.0
80569187	0.5220588235294118
2234680164	0.0
85001062	0.1930541368743616
1215996775	0.4090909090909091
7070572	0.0
414499693	0.5714285714285714
94569326	0.3333333333333333
3305726831	0.3333333333333333
2175779702	0.16666666666666666
910099321	0.21578947368421053
23667578	0.28888888888888886
17908603	0.3333333333333333
1970119548	0.16666666666666666
1177052029	0.6666666666666666
272343934	0.0
3220201621	0.08272088845337253
1653334914	0.3333333333333333
3179389829	0.15384615384615385
840557450	0.0
3086566283	0.6666666666666666
1972872078	0.5714285714285714
4171408877	0.0
4368442256	0.0
2176764739	0.0
41820314	0.5
1971643296	0.08888888888888889
2542134180	0.1619047619047619
1324426158	0.0
14435252	0.0744047619047619
3432440759	0.0
2972779450	0.16666666666666666
2480063420	0.10810810810810811
3431531453	0.0
2813733707	0.2857142857142857
45556676	0.38181818181818183
368370629	0.391304347826087
1371448266	0.3765182186234818
275137486	0.31666666666666665
16401912	1.0
253780952	0.28923076923076924
3431539673	0.0
1628349403	0.4888888888888889
621102047	0.16968325791855204
23446496	0.2563265306122449
3404684112	0.35714285714285715
2936292323	0.13333333333333333
69420004	0.1695906432748538
2253541542	0.16666666666666666
16737257	0.3974358974358974
16401388	0.26
950207473	0.4152046783625731
2704581690	0.09090909090909091
7005172	0.16666666666666666
14124542	0.06708595387840671
26485750	0.30994152046783624
407274487	0.35
2997608763	0.3783068783068783
20161530	0.0
2242675709	0.17777777777777778
251331591	0.3333333333333333
91399176	0.31339031339031337
30884873	0.13333333333333333
80593931	0.21674876847290642
159360018	0.34615384615384615
3257050133	0.23333333333333334
29352983	0.0
41272346	0.21637426900584794
985120944	0.16666666666666666
246506530	0.0
3087016995	0.0
1976869928	0.0
93193259	0.23809523809523808
379998386	0.3333333333333333
2295768584	0.06666666666666667
714966067	0.38735177865612647
211239988	0.3333333333333333
255583285	0.0
1547183160	0.0
1458611258	0.047619047619047616
228918333	0.2426829268292683
415507521	0.4
138118210	0.4666666666666667
416646214	0.16399286987522282
211862600	0.25
3180504139	0.2727272727272727
251921486	0.0
1140671569	0.06666666666666667
26133587	0.25444143330322194
119538773	0.28888888888888886
82633817	0.9848484848484849
2787394650	0.6666666666666666
1969890396	0.0
1974781022	0.13333333333333333
2472637968	0.0
71033954	0.3333333333333333
21832807	0.0
369370220	0.29411764705882354
3246277742	0.24444444444444444
3404792944	0.4619883040935672
3036865651	0.0
1970324598	0.4666666666666667
2320925815	0.0
71566459	0.2
1665049724	0.19047619047619047
1545471103	0.23636363636363636
1970373762	0.03571428571428571
212078785	0.0
488621194	0.7142857142857143
448013452	0.41818181818181815
217572494	0.0
1635828884	0.1376176566049984
278520981	0.26325757575757575
3246559428	0.0
66069658	0.14285714285714285
26248351	0.047619047619047616
1528538274	0.4
435271195	0.12025901942645699
71222436	1.0
1972831398	0.28888888888888886
166216871	0.1543879687797449
3180676636	0.38095238095238093
3241231530	0.1
95020204	0.0
49931437	0.21739130434782608
53347502	0.6666666666666666
2190468271	0.28888888888888886
16606385	0.23809523809523808
2675836084	0.08244897959183674
1682629818	0.0
369812667	0.06666666666666667
20235453	0.3035409035409035
3108338495	1.0
1336886466	0.3029871977240398
28918980	0.18829113924050633
277546186	0.41904761904761906
13608142	0.28342245989304815
32973	0.16363636363636364
183176056	0.16400709219858156
20399315	0.2571428571428571
712557786	0.17582417582417584
3246580956	0.0
835735213	0.0
23766243	0.0
266749157	0.0
1882621158	0.0
4502422758	0.29004329004329005
2868020457	0.2
1973994733	0.19047619047619047
3119334638	0.2777777777777778
395773167	0.0
3905086705	0.3333333333333333
3429688564	0.13333333333333333
4036285993	0.0
140969215	0.30303030303030304
167781632	0.3611111111111111
1133913348	0.13636363636363635
61498632	0.30303030303030304
2505639177	0.03571428571428571
2294441228	0.2633333333333333
224765197	0.14077993192245078
378643729	0.16357812857469686
410199318	0.2912513842746401
632362543	0.6666666666666666
1969890589	0.0
816825631	0.18454106280193236
16319776	0.42857142857142855
61195555	0.27898550724637683
168355110	0.0
207627825	0.3333333333333333
523388200	0.20512820512820512
3415205164	0.45454545454545453
2999764272	1.0
1977615667	0.1111111111111111
3403842873	0.16017316017316016
2864249105	1.0
2596177212	0.0
9616512	0.20226104830421376
512040508	0.0
3380233540	0.0
2846049605	0.3619047619047619
4472874321	0.0
97289556	0.24061780246579054
2955127694	0.556989247311828
413025622	0.39285714285714285
131687768	0.2
74499421	0.2248587570621469
3235404753	0.42857142857142855
3303433787	0.0
159064294	0.0
3246753128	0.0
212297066	0.16666666666666666
77522283	0.525
60853138	0.0
347465073	1.0
499107187	0.17523124357656733
2943436148	0.5333333333333333
2940683637	0.0
987508969	0.16666666666666666
7628152	0.0
67560826	0.0
26582703	0.3333333333333333
3290023294	0.42105263157894735
401048959	0.34899034240561894
2842117505	0.4025974025974026
3411158404	0.16666666666666666
2449229191	0.13333333333333333
79201672	0.24699352451433856
16647562	0.23125
1974109579	0.6666666666666666
67667342	0.3333333333333333
15377808	0.20634920634920634
41192344	0.2857142857142857
17401234	0.22826086956521738
66094483	0.327796234772979
1055638933	0.37142857142857144
191587738	0.5
2515510693	0.31343283582089554
3247744422	0.0
15204593	0.0
1972299176	0.3333333333333333
3532201	0.20346320346320346
3061491114	0.3333333333333333
91637167	0.16666666666666666
987391748	0.3164005805515239
5047741	0.23809523809523808
1452393918	0.27692307692307694
184927679	0.26666666666666666
78276036	0.25274725274725274
1976280517	0.23636363636363636
21652707	0.0
90872635	0.28888888888888886
1973049097	0.4222222222222222
1970742734	0.2878787878787879
1276126676	0.3433333333333333
1969333718	0.06666666666666667
22488536	0.3333333333333333
3660907994	0.0
3432400348	0.0
1895278046	0.24444444444444444
146908639	0.5
144213474	0.3333333333333333
250250723	0.2857142857142857
70673897	0.22264616765795084
3742434794	0.0
2878268909	0.0
312681971	0.42857142857142855
113001972	0.47619047619047616
17876472	0.2
2801665532	0.0
153896446	0.22073170731707317
1627899391	0.0
1970733312	0.17857142857142858
76572162	0.29554655870445345
1337181704	0.30952380952380953
207021524	0.0
1689134605	0.0
1970071056	0.19696969696969696
3432351249	0.0
19891730	0.16666666666666666
35153427	0.2
10708502	0.43636363636363634
106653207	0.0
4426925595	1.0
541894173	0.12010954616588419
112068129	0.4
234014245	0.0
1972438620	0.4
14083628	0.2263986013986014
29394479	0.0
1585	0.3238095238095238
3030025779	0.37062374245472834
24200759	0.21818181818181817
40904248	0.3333333333333333
2408228409	0.33766233766233766
51676730	0.2510822510822511
50636347	0.17178175618073316
108676668	0.0
1128343110	0.5
1975551559	0.4
1971308106	0.05454545454545454
40224333	0.14210526315789473
1596669649	0.2
24028758	0.21428571428571427
137037404	0.3047619047619048
820194234	0.18095238095238095
20178530	1.0
47987643	0.0
3249694316	0.4
123602543	0.05454545454545454
203000767	1.0
804439676	0.3442622950819672
3363866238	0.45454545454545453
21472897	0.16666666666666666
106186373	0.3025210084033613
2887026311	0.0
3585705615	0.2192513368983957
2207344274	0.26031746031746034
4496967314	0.0
322004630	0.0
111402527	0.0
2601887388	0.0
128583325	0.11666666666666667
1686670278	0.0
122963622	0.4444444444444444
371902119	0.2172043010752688
2657354012	0.33277310924369746
20167623	0.5769230769230769
102327983	0.1365079365079365
72869556	0.3611111111111111
3482232503	0.0
46343866	0.0
330950332	0.0
1964598974	0.03604570293094883
22750911	0.26666666666666666
742600992	0.0
18654916	0.3012563485699011
417482440	0.2490118577075099
15869641	1.0
2256676554	0.07272727272727272
54240972	0.2566510172143975
351659729	0.2
3121415891	0.25
1977878228	0.16666666666666666
1017796069	0.6285714285714286
2859083482	0.3631578947368421
10839772	0.12727272727272726
815089381	0.0
1977231078	0.4
130549479	0.3939393939393939
554244149	0.2909090909090909
38700779	0.3333333333333333
67692268	0.6666666666666666
2416199407	0.1874816338524831
19415082	0.0
20752116	0.28307692307692306
49530613	0.22715572715572716
1969563385	0.0
62465787	0.06666666666666667
1670317824	0.22954461310625693
1494075139	0.8333333333333334
189884164	0.3333333333333333
85509895	0.3314393939393939
1971906312	0.3333333333333333
2303420170	0.4090909090909091
3317442316	0.41625615763546797
89802513	0.13704716336295283
247637778	0.29411764705882354
3267077912	1.0
17352473	0.2878787878787879
116451098	0.2222222222222222
188263516	0.13333333333333333
240991194	0.09253065774804906
610371363	0.5
3374556964	0.4
3246603228	0.0
591202090	0.0
981218965	0.4117647058823529
3251758900	0.0
241428278	0.5357142857142857
1265715001	0.26849894291754756
1975592762	0.2
169879362	1.0
1969456964	0.0
299558731	0.09454817535625616
19375950	0.13732607380520268
40290133	0.22262626262626262
3431565142	0.0
18229080	0.272108843537415
2900173115	0.24193548387096775
1976728550	1.0
388439641	0.3
2265343634	0.5
18343792	0.3333333333333333
3306825586	0.3
2412849012	0.0
197347189	0.3540983606557377
191465337	0.1710955710955711
14812700	0.563076923076923
2712979327	0.5357142857142857
3717293953	0.26666666666666666
413263746	0.3333333333333333
2449721221	0.10714285714285714
15058823	0.47368421052631576
2797602696	0.07412159136297067
18425738	0.2
126350999	0.3
268595522	0.4
111134606	0.4
1973343896	0.5357142857142857
1600677781	0.13675213675213677
2272896918	0.3333333333333333
1963018135	0.2857142857142857
582199192	0.18482905982905984
443557785	0.0858974358974359
767936412	0.0504901236392296
34613149	0.3523809523809524
3926050719	0.16666666666666666
74426272	0.050915750915750915
1900521378	0.13333333333333333
2246313892	0.3
2236221349	0.5294117647058824
2734466983	0.18726053639846743
2841323433	0.3
29812651	0.12121212121212122
1622763440	0.5333333333333333
4499597232	0.3
3004098483	0.3
17229748	0.3790849673202614
54888373	0.5277777777777778
19302326	0.3082263833368399
260196283	0.16666666666666666
41093053	0.2
184674238	0.2
120822773	0.0
129238979	0.4672364672364672
264341447	1.0
19154888	0.1794871794871795
1974302370	0.26666666666666666
3247646670	0.0
1973528534	0.2367816091954023
21474297	1.0
278185944	0.24338624338624337
45623259	0.41911764705882354
49383389	0.1138547185058813
173787102	0.2878787878787879
554378917	0.20700280112044817
39413322	0.2937595129375951
357738469	0.17857142857142858
543598566	0.2962962962962963
3432466408	0.0
487795709	0.0
41773044	0.14782608695652175
1977329654	0.1619047619047619
2787092471	0.1111111111111111
15286612	0.16666666666666666
22022138	0.15193708967606956
2918279163	0.2579185520361991
19015677	1.0
1969457150	0.3333333333333333
221702150	0.0
4443916294	0.5714285714285714
23570445	0.0
8112142	0.06666666666666667
17680400	0.3956043956043956
60844051	0.09091884929154144
23242773	0.21006864988558352
276957209	0.10463659147869674
1977288733	0.4
494831647	0.7
3404367904	0.3
1280855046	0.6
2906409000	0.21593291404612158
106907689	0.33
38463533	1.0
14616622	0.0
98936882	0.16666666666666666
93095987	0.0
2365483064	0.1111111111111111
3481925300	0.26666666666666666
85633082	0.0
448120895	0.3111111111111111
1976625218	0.0
1540729867	0.6060606060606061
3553323080	0.20441347270615565
1119798967	0.39285714285714285
221112401	0.5
243877974	0.2606060606060606
2314267663	0.0
289195706	0.21904761904761905
40847455	0.5264550264550265
3517925474	0.13333333333333333
1292060773	0.24862057773450177
3069634662	0.25496031746031744
11225192	0.13333333333333333
3247573098	0.0
2507417708	0.39285714285714285
3315509362	0.3333333333333333
301485075	0.047619047619047616
2181212285	0.16874236874236875
199788677	0.5263157894736842
1970374794	0.6666666666666666
2443192459	0.2814142379359771
100067469	0.4175824175824176
408520849	0.07780990938885676
14542994	0.15441176470588236
20654229	0.26666666666666666
1977034902	0.022222222222222223
254232727	0.23809523809523808
16615576	0.16207710464201416
44402841	0.09523809523809523
21629085	0.0
1969703071	0.1
2161371300	0.21818181818181817
1430636714	0.20512820512820512
45312171	0.2545454545454545
3213887662	0.26666666666666666
92235951	0.28205128205128205
3247589556	0.0
1452034232	0.1746031746031746
561481917	0.6666666666666666
1075391	0.06666666666666667
92080321	0.21428571428571427
118130883	0.2761904761904762
2856077508	0.2903225806451613
3375933640	0.0
3355035849	0.47619047619047616
1977854154	0.13333333333333333
1145491831	0.2087912087912088
57608397	0.2276923076923077
3307227342	0.281332628239027
2243119311	0.38095238095238093
608473	0.014912280701754385
3247671514	0.2727272727272727
3374999771	0.24175824175824176
14844900	0.16176470588235295
2570184927	0.23246753246753246
20809953	0.1841346153846154
60958946	0.2913919413919414
3318343908	0.0
15345893	0.0
166562022	0.4
2568808680	0.1808080808080808
3410078759	1.0
356094333	0.0
82656296	0.4045977011494253
17131762	0.0
2266327284	0.13333333333333333
1977010422	0.0
35203319	0.07795526473355573
3224807673	0.0
94505213	0.5
1601333502	1.0
3431524607	0.0
322087980	0.308300395256917
14715149	0.0
12912912	0.2012820512820513
1976043793	1.0
93874450	0.13333333333333333
1834576148	0.3519774011299435
1976314926	0.1
1977125142	0.14545454545454545
80607489	0.7142857142857143
2836031773	0.4
749586720	0.16
15853859	0.0
23088177	0.19444444444444445
784697640	0.38181818181818183
40028458	0.28
2755291435	0.18181818181818182
1908893996	0.3333333333333333
25807149	0.8333333333333334
1585662259	0.23333333333333334
2795481396	0.25690834473324214
3247884597	0.3
195283254	0.3333333333333333
1974135096	0.3
2480020532	0.18494623655913978
2478008635	0.07575757575757576
464431420	0.2727272727272727
60049728	0.2239819004524887
13199682	0.19444444444444445
151425419	0.25
1438943570	0.2310126582278481
2759625043	0.6
3316009302	0.44871794871794873
1973521465	0.25
1875847512	1.0
134818140	0.23636363636363636
3064777053	0.0
383060321	0.34615384615384615
33974630	0.0
4135192935	0.2647058823529412
18999656	0.0
110733673	0.375
74131818	0.5
22088050	0.29023569023569024
44321139	0.5333333333333333
1973274997	0.2222222222222222
2407958905	0.4444444444444444
58567034	0.2222222222222222
480758140	0.2727272727272727
2249132413	0.2564102564102564
623053184	0.5333333333333333
21026539	0.0
46090629	1.0
423889286	0.3
1970424199	0.2087912087912088
3285051786	0.3111111111111111
113265036	0.6666666666666666
1008658832	0.33482142857142855
3652708753	0.0
2257471891	0.25
1209026965	0.2857142857142857
48794006	0.42424242424242425
97716631	0.23497030276691294
1683549253	0.17582417582417584
179571104	0.12727272727272726
2449713571	0.0
3139717543	0.33978494623655914
422511004	1.0
3262605738	0.1
1247078827	0.3333333333333333
1104390576	0.2
533285301	0.0
1970670008	0.17543859649122806
969542076	0.20581113801452786
3881560518	0.4666666666666667
156936648	0.3333333333333333
43854281	0.3192156862745098
1656179149	1.0
12954062	0.1214574898785425
279202260	0.0
21072342	0.0
20474331	0.3333333333333333
59918812	0.3709856035437431
45132254	0.19146341463414634
4274486352	0.1349019607843137
2399381988	0.2777777777777778
3431567782	0.0
103025126	1.0
720308713	0.29523809523809524
326175211	0.23636363636363636
308554220	0.6666666666666666
3432442354	0.0
3870288375	0.25
19540476	0.1111111111111111
2477181438	0.3393939393939394
83995135	0.16363636363636364
33950211	0.19230769230769232
1546979844	0.3333333333333333
1973447173	0.3014705882352941
15706633	0.045288753799392095
936077846	0.0
15665688	0.3333333333333333
2869758489	0.22857142857142856
3814949295	0.5357142857142857
25340445	0.0
618629662	0.5
2984159777	0.18181818181818182
551021090	0.5
22628899	0.1051693404634581
3246582308	0.0
1155050022	0.3333333333333333
2355088476	0.15384615384615385
2572864043	0.35714285714285715
531300787	0.0
2212440631	0.0
333277752	0.20952380952380953
6696032	0.2177348551360843
1969826371	0.2222222222222222
2233870917	0.3111111111111111
123669066	0.0
1977608784	0.0
2812899768	0.6666666666666666
3428756051	0.17062937062937064
1976151764	0.19230769230769232
1372023908	0.0
246262362	0.3333333333333333
747419407	0.19047619047619047
853723740	0.17582417582417584
822291044	0.21846153846153846
3432483430	0.0
1969998440	0.13333333333333333
889285226	0.21739130434782608
386665069	0.4230769230769231
238955118	0.3888888888888889
606341743	0.0
1323379315	0.2427536231884058
734571126	1.0
230967933	0.24358974358974358
296757889	0.0
3254815362	0.18822393822393824
1976953477	0.23809523809523808
529255051	0.35833333333333334
2858773132	0.36152219873150104
1648508046	0.2
149097108	0.3333333333333333
75410069	0.5555555555555556
2447829655	0.45588235294117646
2960657049	0.21794871794871795
2359323290	0.3181818181818182
2492934811	0.2761904761904762
996583194	0.16666666666666666
21711518	0.21688311688311687
1973930658	0.3333333333333333
150719140	0.30952380952380953
750119599	0.0
779381424	0.1362126245847176
14174897	0.19566840926064227
1974258356	0.3
386624183	0.39971550497866287
3318270648	0.0
2799626938	0.24570912375790424
3727927996	0.1
1900429770	0.19047619047619047
3300469438	0.0
701221567	0.4090909090909091
1971514050	0.16666666666666666
25717444	0.1
511740616	0.1199305617910269
14387914	0.24111188567445102
2499992695	0.3333333333333333
1591601869	0.1437908496732026
2430716629	0.1350806451612903
2813627094	0.4722222222222222
239348439	0.26666666666666666
82397914	0.42857142857142855
1502579419	0.0
17623773	0.06153846153846154
1160866532	0.4
1206302502	0.0
2612112102	0.0
1367018215	0.0
3384519400	0.26910900045228403
3047467756	0.2554112554112554
1976380141	1.0
2610391793	0.11600279524807827
49654515	0.18158347676419967
2880649075	0.5619047619047619
1241825748	0.4065934065934066
26979069	0.0
20179712	0.07272727272727272
17005696	0.0
2375510792	0.8
2310336984	0.0
376597267	0.32688172043010755
2773863188	0.8
44337944	0.6666666666666666
86543130	0.6666666666666666
628312859	0.3333333333333333
1596115747	0.14285714285714285
3081341734	0.5
20523706	0.23333333333333334
257859500	1.0
2161101613	0.0
2870676279	0.281068524970964
1305758520	0.2857142857142857
1970703163	0.2222222222222222
456215356	0.06666666666666667
436161343	0.0
216394561	0.1871345029239766
3222850370	0.23227752639517346
3513436995	0.4
2790239047	0.0
361540427	0.18617021276595744
280400339	0.3
53341007	0.24444444444444444
3263220565	0.0
113273686	0.3
292819455	0.14316386780154897
3001650019	1.0
340560742	0.5
1971800936	0.0
1709345641	0.2867647058823529
760236906	0.3333333333333333
79866731	0.22875816993464052
3339389805	0.3134920634920635
304630642	0.0
1512876920	0.33766233766233766
156601211	0.0
265073782	0.28092105263157896
1262177150	0.20766129032258066
20278144	0.5
384420737	0.21978021978021978
3279645572	0.035897435897435895
1961113274	0.10725034199726402
1378986890	0.0
17468299	0.3137254901960784
232326978	0.3
18033550	0.18181818181818182
40971151	0.24242424242424243
2827053970	0.3399014778325123
3265833876	0.25371120107962214
466553750	0.2904761904761905
272386968	0.25
3086461850	0.0
357436319	0.0
9284512	0.0
166505377	0.1491891891891892
93825956	0.3333333333333333
1973906342	0.28888888888888886
591457191	0.23636363636363636
433901612	0.13356562137049943
128027568	0.8333333333333334
4058699592	0.0
1862511541	1.0
1258138550	0.0
22514616	0.24444444444444444
1068985273	0.5
35728314	0.2957983193277311
3432451006	0.0
443984831	0.4222222222222222
995617728	0.3333333333333333
466791364	0.19327731092436976
27102150	0.1251778093883357
3135122375	0.23809523809523808
258832204	0.13333333333333333
3131001807	0.3333333333333333
347917266	0.06666666666666667
3892071381	0.2222222222222222
112110550	0.3007246376811594
3301518298	0.275
3471649756	0.39285714285714285
3386248163	0.3333333333333333
14294182	0.26705446853516657
1685392363	0.19444444444444445
368970737	0.2332859174964438
1973146260	0.23015873015873015
3291483124	0.4475806451612903
262343673	0.08978246539222148
243346427	0.26666666666666666
1245039612	0.06666666666666667
3432385533	0.0
21810175	0.24946236559139784
2916117506	0.2823439878234399
283080534	0.2080791079318325
736472070	0.15913978494623657
1326787592	0.5238095238095238
214354954	1.0
2439711755	0.26666666666666666
470395918	0.38095238095238093
465521679	0.0
1269959696	0.28095238095238095
861293587	0.19607843137254902
2970258455	0.21492921492921493
2938383384	0.38461538461538464
21021188	0.22631578947368422
82627612	0.42857142857142855
2935352496	0.14285714285714285
297413670	0.5
139349031	0.2549019607843137
256707624	0.18461538461538463
851405868	1.0
29666349	0.27816091954022987
350432302	0.17857142857142858
1206717487	0.0
499993648	0.08187134502923976
3315403825	0.15555555555555556
1973185586	0.5714285714285714
1973882035	0.2
62311476	0.2866666666666667
1972841526	0.0
3432475703	0.0
1973423161	0.25
382823483	0.2916666666666667
14363713	0.22380952380952382
1969826882	0.4666666666666667
2214046789	0.2777777777777778
37958883	0.224937343358396
1970441292	0.20915032679738563
2181106767	0.0
2602511440	0.13333333333333333
71674961	0.28205128205128205
538078290	0.7333333333333333
177572947	0.0
2491378772	0.6666666666666666
2893466710	0.3037752414398595
4147137625	0.14285714285714285
1077701724	0.2
1713417312	0.1354790137398833
399289442	0.0
3410431163	0.4444444444444444
136416356	0.38181818181818183
161786981	0.0
235237905	0.06666666666666667
19360873	0.0
2355334256	0.3333333333333333
194186353	0.3333333333333333
2860289139	0.25688434303697877
93244606	0.07272727272727272
17542265	0.25691699604743085
118402173	0.6666666666666666
1969384574	0.2
219458687	0.35555555555555557
3243551873	0.25565610859728505
3382594692	0.325
2732330118	1.0
534563976	0.059697435897435897
4025025047	0.0
3246853261	0.0
2301725839	0.2909090909090909
1977724051	0.0
23768212	0.19523809523809524
2970567087	0.2948717948717949
31272094	0.32142857142857145
1720585375	0.0
787737762	0.19148936170212766
9718952	0.23636363636363636
22695081	0.5
139046058	0.0
93555888	0.25274725274725274
33606835	0.1949685534591195
223882421	0.42857142857142855
299510970	0.4166666666666667
4256730299	1.0
1900285116	0.13333333333333333
296332478	0.16209843796050694
3984663072	0.3333333333333333
436276420	0.1282051282051282
1688358086	0.3681632653061224
60959947	0.1328335832083958
21572820	0.0
1061203158	0.0
89009369	0.10833333333333334
378490076	0.0
281701598	0.0
324955361	0.16341463414634147
96767203	0.47619047619047616
1610222820	0.0
408063209	0.27586206896551724
4058885354	0.0
280063213	0.0
16485618	0.10256410256410256
1977699577	0.09523809523809523
112422138	0.0
54186721	0.4
2696735996	0.1913978494623656
471305471	0.21904761904761905
2482334982	0.25
942492936	0.0
3224866065	0.0
2479516946	0.2284857571214393
493923603	0.14285714285714285
2196426007	0.22459893048128343
614624536	0.30531400966183575
240306053	0.275
2794269986	0.0641025641025641
4267257123	0.8
1573539108	0.0
112717095	0.22760826771653545
3395767516	0.3333333333333333
1912278314	0.22105263157894736
1270312236	0.21078921078921078
390073646	0.213768115942029
2207437364	0.16666666666666666
470961467	0.0
43216188	0.0
214568255	0.21666666666666667
542993733	0.3333333333333333
16529292	0.25
398200139	0.2019914651493599
2767801680	0.35656213704994194
59115406	0.8333333333333334
4170509657	0.0
3432303969	0.0
3306450275	0.0
2402037092	1.0
34942309	0.22727272727272727
26135915	0.0
1115123052	0.40711462450592883
228486512	0.13333333333333333
22908286	0.3019230769230769
3148352895	0.2727272727272727
208507456	0.42857142857142855
1970318724	0.24175824175824176
42651013	0.1292594707786027
1969573254	0.3
1187663240	0.4666666666666667
2299497865	0.24444444444444444
275377546	0.6
2238730818	0.16550951847704368
104140175	0.0
88903060	0.3333333333333333
95669653	0.0
2489888150	0.29747899159663865
903391129	0.5833333333333334
806297	0.22429378531073446
20884891	0.14564270152505446
473984412	0.4474153297682709
1974783392	0.09523809523809523
798116	0.17647058823529413
1413107114	0.0
1269648812	0.07142857142857142
2468162989	0.35144927536231885
2274282930	0.38054968287526425
2389700022	0.25691699604743085
1973358007	0.5357142857142857
2328645048	0.36764705882352944
218951098	0.6666666666666666
2846567867	0.0
72314301	0.5
18976192	0.22448979591836735
15822273	0.1321252728287904
24415685	0.40942028985507245
1964723654	0.4327485380116959
1242131911	0.1
478481869	0.26666666666666666
6603342	0.32873563218390806
1590037975	0.12681159420289856
199249368	0.4
316935645	0.5
21237216	1.0
3056946657	0.27253668763102723
136244706	0.32727272727272727
18427132	0.3
297397741	0.42857142857142855
1978027502	0.1
14880239	0.14285714285714285
175148528	0.23076923076923078
176868850	0.4
2414767603	0.19444444444444445
1904561652	0.22666666666666666
82234869	0.34
136039679	0.14060411654637797
1975512572	0.09523809523809523
3432419925	0.0
1386688003	1.0
162677334	0.15384615384615385
14437902	0.16205533596837945
3694644497	0.03571428571428571
3247792728	0.0
2816019986	0.0
17010198	0.09879032258064516
3246849145	0.0
2413022749	0.06748699919431626
4430089757	0.24761904761904763
19566119	0.5
632852008	0.06666666666666667
256495147	0.0
261672493	0.21846153846153846
3880996403	0.0
135417399	0.4
453340728	0.3333333333333333
1977495097	0.1
3107663421	0.0
594406975	0.375
1976479297	0.26666666666666666
6524482	0.3085914669783752
1973310049	0.6071428571428571
213339721	0.10263696876600102
57601610	0.3333333333333333
49344076	0.11029411764705882
1975004750	0.0
143192675	0.28421052631578947
2951155284	0.45454545454545453
3742191195	0.06666666666666667
3188059750	0.23809523809523808
30231825	0.5357142857142857
554118761	0.32727272727272727
40914539	0.0
15150700	0.2718332022029898
430935661	0.35555555555555557
39276143	0.2424561403508772
59559537	1.0
3243544179	0.24358974358974358
3330010745	0.0
588271226	0.16666666666666666
103935611	0.19047619047619047
1876258429	0.24444444444444444
466611841	0.16666666666666666
3432550018	0.0
322254752	0.24242424242424243
1975385366	0.3333333333333333
1270025862	0.18148518148518147
14470803	0.1523809523809524
503303829	0.24466571834992887
2841112215	0.3333333333333333
3247730336	0.0
2809081506	0.6666666666666666
3003889730	0.24086021505376345
1291226797	0.3611111111111111
1834397358	0.5
1970759624	0.2222222222222222
138006194	0.0
299708084	0.2878787878787879
110759605	0.7362637362637363
1975324345	0.47619047619047616
1970843323	0.23809523809523808
1601654462	0.16600790513833993
1976962754	0.2
1973710532	0.21794871794871795
49271414	0.3108233117483811
99913419	0.0
18992844	0.2545454545454545
387321550	0.2
469545592	0.4
2331856596	0.4
2759405270	0.0
3019968215	0.23544973544973544
1975701212	0.2857142857142857
820542757	0.0
1977863905	0.0
2376019682	0.35423925667828104
15240931	0.0
1112305380	0.0
2557390566	0.30434782608695654
1268038951	0.09090909090909091
38145772	0.21129943502824858
3044732656	0.2
2580229873	0.1857707509881423
2294984438	0.07142857142857142
59264763	0.1503267973856209
2734124796	0.28102836879432624
27668224	0.5
15249154	0.5333333333333333
19623685	0.1946230274693162
2325499655	0.0
50089737	0.0
85929739	0.24242424242424243
22466318	0.4
3164442383	0.3333333333333333
172150545	0.2222222222222222
2615867353	0.3333333333333333
14839576	0.26842105263157895
823815962	0.0
946507549	0.10823647044119485
256487198	0.18604651162790697
17354528	0.2
269895643	0.3333333333333333
587329318	0.24444444444444444
1912663848	0.07692307692307693
2472191965	0.3277428371767994
1977593648	0.0
152194866	0.275
759566131	0.28417818740399386
1159630645	0.3473684210526316
3247558454	0.0
201133879	0.0
418148156	0.0
1606135614	0.16892655367231638
3890679617	0.23076923076923078
179883843	0.0
3033829189	0.4725274725274725
188698438	0.4
48997326	0.0
3379015497	0.0
68668492	0.22650103519668738
1969614674	0.1
2732511062	0.2
232684857	0.47619047619047616
50106200	0.31516936671575846
82661211	0.0
1544327005	0.2291232940087902
297226079	0.2
3246640992	0.6666666666666666
59527009	0.39080459770114945
605532003	0.0
1977323364	0.35714285714285715
1971383612	0.25
3034189269	0.0
66719596	0.34545454545454546
2696054760	0.0
1970578068	0.3
137076031	0.2909090909090909
373452675	0.1895424836601307
15298442	0.4095238095238095
3187093387	0.3353846153846154
1197682573	0.2909090909090909
448958352	0.3047619047619048
1047359378	0.0
95711125	0.20512820512820512
3393947631	0.32504504504504506
331837341	0.3333333333333333
73355170	0.1
2214285223	0.18364327979712594
492761000	1.0
81366954	0.16600790513833993
725048647	0.4
1900154796	0.0
4048732829	0.2727272727272727
19337136	0.1906906906906907
2786914228	0.6190476190476191
3356610485	0.0
3163959227	0.4666666666666667
514185205	0.2
140586944	0.3333333333333333
80318402	0.13970588235294118
25702344	0.23979591836734693
2912612297	0.2222222222222222
123858892	0.3333333333333333
1974452899	0.6666666666666666
1225805780	0.2540792540792541
54857687	0.0
1971613658	0.16666666666666666
1077211	0.0
1490980831	0.6
1977511904	0.09523809523809523
218615120	0.35714285714285715
25071586	0.6666666666666666
20426723	0.3611111111111111
3658747879	0.0
408440808	0.07864005912786401
1254166506	0.0
3245920238	0.11904761904761904
765767664	0.3333333333333333
629084145	0.0
3072626674	0.6
2599877971	0.0
1477611511	0.3169230769230769
24743930	0.0
4048162812	0.233201581027668
95719421	0.2761904761904762
283234304	0.6666666666666666
2779926533	0.2916666666666667
2759528454	0.5
2470088713	0.20512820512820512
745672716	0.2310204081632653
133599248	0.2
1613205524	0.4666666666666667
65359897	0.2743589743589744
57061406	0.3333333333333333
134131744	0.3
14422050	0.19444444444444445
18214949	0.3230769230769231
2815118726	0.2857142857142857
3972501543	0.43865546218487395
456781864	0.0
28626988	0.3333333333333333
4226699314	0.23809523809523808
2596720691	0.5238095238095238
13291572	0.21862348178137653
78319818	0.7333333333333333
2367320131	0.1284473953013279
23580740	0.24744897959183673
2818879564	0.6666666666666666
616316258	0.4722222222222222
3509342298	0.27472527472527475
3241283676	0.35555555555555557
3176607838	0.39869281045751637
93605983	0.0
311316576	0.4666666666666667
15934139	0.38181818181818183
2723221604	0.33949579831932775
28815461	0.07692307692307693
19615847	0.32727272727272727
2836652732	0.0
309825643	0.0
28119151	0.3055555555555556
2445447283	0.2596110357304387
930009205	0.0
420540539	0.1631578947368421
28332156	0.36363636363636365
488837245	1.0
376164481	0.15555555555555556
338301059	0.4264705882352941
289284801	0.0
1706946697	0.23172905525846701
1900245132	0.6666666666666666
805302414	1.0
2763518095	0.1794871794871795
345133200	0.3
2755932313	0.0
2933489007	0.0
22278303	0.14838709677419354
48713892	0.06666666666666667
2759667878	0.4666666666666667
116830375	0.17356699525374225
2273489065	0.0
102314155	0.6666666666666666
14364844	0.38095238095238093
54317231	0.17781007751937986
369635506	0.4696969696969697
68300979	0.13333333333333333
23971179	0.0
17879228	0.2453781512605042
13076512	0.17768688934333107
181653698	0.0
3436155076	0.0
133861573	0.2124735729386892
3194515654	0.43636363636363634
2950770890	0.0
15421645	0.32142857142857145
2596950223	1.0
1023250644	0.15151515151515152
3432370389	0.0
88944856	0.0
317632729	0.1280757874015748
16748762	0.0
75616478	0.26559714795008915
2801430757	0.5151515151515151
1976348904	0.0915032679738562
960794857	0.047619047619047616
3347050731	0.3333333333333333
228823277	0.30718954248366015
258879728	0.5
30521384	0.0
3224882558	0.5
633842241	0.401219512195122
4004753655	1.0
385356024	0.16911764705882354
232902905	0.0
849293562	1.0
583069949	0.2
8548612	0.17777777777777778
3346452748	0.5
114757902	0.7307692307692307
53113103	0.15579710144927536
297939216	0.26
31137997	0.1
3044577557	0.0
2495926550	1.0
1093628184	0.41818181818181815
1641795866	0.18378756114605171
20856144	0.25
46543136	0.10582010582010581
14463265	0.0
2870669602	0.0
586887461	0.325609756097561
132051240	0.06666666666666667
2344530218	0.3333333333333333
2676887858	1.0
3190452532	0.3137254901960784
1953648950	0.25757575757575757
1970942263	0.3
25268536	0.2976190476190476
60758068	0.21794871794871795
44442335	0.4093567251461988
151982399	1.0
525005120	0.10275711953564302
408170818	0.16666666666666666
1037513028	0.2628968253968254
596569404	0.0
232198471	0.22121212121212122
1974088020	0.0
312586588	0.19444444444444445
474755423	0.2727272727272727
2846822752	0.3416666666666667
122089828	0.22727272727272727
90272103	0.2803312629399586
2770071913	0.1976284584980237
269701485	0.16666666666666666
1314787699	0.24313725490196078
1115173238	0.30994152046783624
300298615	0.11088709677419355
2891207037	0.25
818237828	0.26284153005464483
4134433157	0.0
344371591	1.0
97038380	0.38181818181818183
2364182923	0.3563218390804598
243511692	0.3333333333333333
72126861	0.0
40219026	0.6071428571428571
16181315	0.0
1976872790	0.1
308359581	0.0
34222499	0.2
3700205837	0.6666666666666666
557388198	0.19090909090909092
780251563	0.2857142857142857
39915948	0.0
3320582573	0.1582587954680978
4165587375	0.2
1526982728	0.3333333333333333
29823416	0.6666666666666666
211767738	0.38866396761133604
46444989	0.2620689655172414
1156428223	0.20098948670377242
2305348032	0.24242424242424243
256900512	0.1580049600440893
3098931650	0.36091954022988504
3447919043	0.04285714285714286
38167287	0.19047619047619047
287789516	0.20948616600790515
25245773	0.3764705882352941
3094540755	0.1054617676266137
88699351	0.21212121212121213
377295320	0.23550724637681159
1890578905	0.34545454545454546
1973121498	0.8333333333333334
557175261	0.0
74519008	0.19576719576719576
3247550948	0.0
17158633	0.2777777777777778
956101104	0.0
1513902578	0.0
3432477172	0.0
346460664	1.0
131592702	0.0
66064895	0.27877237851662406
3816665602	0.17433930093776642
1233965576	0.0
3368309259	0.452991452991453
2564289037	0.1164983164983165
112185871	0.24444444444444444
233648657	0.15555555555555556
134230547	0.4183535762483131
2837967381	0.30185185185185187
258825482	0.2857142857142857
1590866462	0.24761904761904763
3350655520	1.0
2489659947	0.6666666666666666
2984153644	0.3897058823529412
105045426	0.0
2872111664	0.3333333333333333
289804849	0.14285714285714285
2913440307	0.0
3063083572	0.0
115406942	0.0
15135287	0.29365079365079366
18854457	1.0
2837942843	1.0
929608255	0.5
14406208	0.3333333333333333
608293441	0.17666666666666667
543928898	0.24350877192982456
3364024900	0.2857142857142857
208691330	0.4230769230769231
316551948	0.12727272727272726
1254036042	0.5333333333333333
1004040782	1.0
22467617	0.12702472293265132
516075220	0.5238095238095238
831730261	0.5454545454545454
549499480	1.0
3294745179	0.2873015873015873
193961402	0.4722222222222222
3308333157	0.3055555555555556
2842497633	0.26666666666666666
92959331	0.2
150426213	0.0
502084198	0.0
14774889	0.24444444444444444
264794730	0.0
522080878	0.7619047619047619
27045309	0.26666666666666666
2876510836	0.3333333333333333
2483786358	0.2971014492753623
592900728	0.25735294117647056
281956985	0.19469026548672566
311098815	0.0
4180886293	0.3333333333333333
2239139264	0.0
2741941014	0.10714285714285714
3591179713	0.19523809523809524
247468686	0.34
859509392	0.0
3186094737	1.0
56349332	0.3215686274509804
229872279	0.3333333333333333
1418762767	0.5
467382938	0.36666666666666664
42750624	0.0
20017825	0.0
1259475739	0.0
2284237477	0.16550030693677104
1974506155	0.0
17134253	0.5238095238095238
1179873966	0.27076923076923076
250229423	0.26666666666666666
17306290	0.0
23728821	0.2612023898431665
111868020	1.0
558019258	0.22943722943722944
177418939	0.2777777777777778
104805053	0.1930541368743616
21992127	0.0
309031618	0.0
1977307849	0.2
44464247	0.0
309015244	0.1631578947368421
92287693	0.0
3031798479	0.0
48014116	0.38333333333333336
459961050	0.3611111111111111
44962524	0.15151515151515152
3095696094	0.6666666666666666
1248776929	0.3333333333333333
1092651133	0.13333333333333333
2558710514	0.13333333333333333
16356083	0.4065934065934066
2964574965	0.29290123456790124
2886415098	0.43722943722943725
121533179	0.35053763440860214
25670396	0.16666666666666666
488608511	0.4
4256852375	0.0
3064869676	0.42857142857142855
21254924	0.3939393939393939
321622806	0.16129032258064516
20222744	0.129896026207093
408187675	0.19943019943019943
15299357	0.22759601706970128
122319646	0.11408308004052685
102994725	0.39285714285714285
431846186	0.0
2329006892	0.19047619047619047
623899439	0.06666666666666667
102789941	0.3238095238095238
2364404534	0.4045584045584046
89133879	0.3333333333333333
540767034	0.17634408602150536
1971131198	0.3333333333333333
2300497376	0.15598050243719536
57553730	0.308300395256917
194081605	0.28654558278963144
1434071881	1.0
420025162	0.28888888888888886
337875767	0.0
15299405	0.6666666666666666
256152402	0.5
25252691	0.0
9106262	0.0
567407447	0.08888888888888889
3589018456	0.0
2358178650	1.0
539931488	0.15151515151515152
481340467	1.0
87774052	0.19047619047619047
1977723025	0.19444444444444445
1167074108	0.5
1474335595	0.42857142857142855
2206952120	0.2217741935483871
2482549621	0.11487603305785124
1970500470	0.1111111111111111
2990871419	0.0
3397219198	0.0
1536562052	0.3153846153846154
3017929605	0.06666666666666667
251286406	0.16666666666666666
3390886721	0.5
112464786	0.5151515151515151
1969402771	0.0
59126679	0.7582417582417582
3379196824	0.1837169650468883
237466521	0.23809523809523808
16438170	0.10606060606060606
3247582704	0.0
91354021	0.1
1878651816	0.1111111111111111
494302121	0.5333333333333333
3031192491	0.3333333333333333
255202220	0.26745098039215687
1969656750	0.13970588235294118
3382956975	0.6666666666666666
1071444913	0.08695652173913043
125565507	0.3
2730750902	0.2469592808038075
95482809	0.14705882352941177
72111034	0.5
460968891	0.4722222222222222
19370943	0.0
1970336706	0.3
14980035	0.1225071225071225
375573959	0.2857142857142857
29005683	0.14705882352941177
1257337806	0.5
307015529	0.8
19403728	0.16666666666666666
3524244435	0.2714285714285714
561468375	0.0
2313180122	0.475
2656859101	0.0
1977795408	0.0
2461021158	0.36363636363636365
270431207	0.0
4854761	0.1448721716132824
2829579242	0.22356902356902356
16413676	0.0
3258267871	0.7
119802433	0.16687009590235397
167121913	0.3333333333333333
1432925178	0.5555555555555556
271111167	0.14285714285714285
47330308	0.3203463203463203
16667654	0.25146198830409355
1975391245	0.0
2793763672	0.0
2158171155	0.4099099099099099
15873048	0.16339869281045752
3679360033	0.0
3147871267	1.0
116798501	0.23044096728307253
2164544550	0.45098039215686275
63812651	0.0
30823468	0.0
4292236333	0.3
426611758	0.4166666666666667
1540871215	0.13356562137049943
2976191537	0.3333333333333333
15813625	0.0
114857012	0.12631578947368421
1336533854	0.6666666666666666
112398958	0.0
15914039	0.0
31126584	0.3416666666666667
1964116148	0.4642857142857143
54171507	0.0
2317661245	0.0948509485094851
1975702592	0.18333333333333332
366269505	0.0
2176619587	0.15555555555555556
626398281	0.14285714285714285
49498296	0.28888888888888886
86147939	0.0
1972761444	0.35555555555555557
3250587410	0.0
799835	0.4
3844543582	0.26666666666666666
3239408735	0.5
3134526560	0.0
615546384	0.0
4289057897	0.0
3740988263	0.4380952380952381
1831987926	0.0
2352903282	0.26342525399129174
222426228	0.3165322580645161
2506880117	0.24
1381545078	0.3333333333333333
211727479	0.2
3598513272	0.3897058823529412
213218425	0.3333333333333333
574534778	0.3619047619047619
1957075135	0.6666666666666666
492156029	0.0
1004188800	0.6666666666666666
3339572353	1.0
249083010	0.42857142857142855
53498731	0.06666666666666667
2662167684	0.2
375854213	0.3507692307692308
1971844237	0.21052631578947367
288191630	0.0
1635316879	0.3333333333333333
408805696	0.3333333333333333
117511315	0.0
74077333	0.5261538461538462
329184408	0.2587755102040816
4440639683	0.0
30045349	0.5
14062763	0.6666666666666666
1970369712	0.6
394679474	0.32142857142857145
156071091	0.4
946631864	0.5
2325976249	0.3333333333333333
3195950267	0.3333333333333333
524276925	1.0
2435380416	0.21428571428571427
1975049760	0.0
422966469	0.22338830584707647
2378110153	0.0
127777519	0.29347826086956524
9696462	1.0
505533647	0.3333333333333333
448885968	0.2902597402597403
1573598420	0.375
15357143	0.16824622745675377
1648071900	0.3333333333333333
16532346	0.0
107193211	0.0
535606502	1.0
28153066	0.3333333333333333
105895151	0.7333333333333333
16905457	0.2222222222222222
3255801074	0.3
1588304083	0.3333333333333333
2863666420	0.2699530516431925
180319477	0.16666666666666666
3241729577	0.4109848484848485
2804511998	1.0
700822783	0.23333333333333334
248591619	0.0
847475982	0.2857142857142857
26801424	0.24444444444444444
3346511123	0.5
23754005	1.0
4459296021	0.5
48829726	0.2838709677419355
2250605389	0.5
76444963	0.26666666666666666
96736549	0.0
619590950	0.8333333333333334
346256679	0.21212121212121213
1970951047	0.3333333333333333
1640469804	0.1
26563886	0.0641025641025641
301755955	0.0
18511156	0.19696969696969696
141694261	0.27293844367015097
3420542265	0.32688172043010755
3296179515	0.38461538461538464
156398908	0.0
522780512	0.0
2397718753	0.3
2879163195	0.0
2471581002	0.21367521367521367
247884002	0.6666666666666666
171996495	0.15696413678065055
79517009	0.2545454545454545
49599828	0.3111111111111111
305730903	0.19591836734693877
2465043800	0.5
630245641	0.0
1606808928	0.2789473684210526
1969943905	0.2777777777777778
341849442	0.19444444444444445
116471139	0.09087958455047063
552088934	1.0
2423813480	0.0
3981489513	0.3333333333333333
4491793769	1.0
20190571	0.16666666666666666
2435978130	0.21818181818181817
944256367	0.1111111111111111
104674678	0.3192389006342495
3331797503	0.0
1976956280	0.3333333333333333
309007739	0.3493827160493827
14562685	0.08372021046115753
3351213438	0.16666666666666666
3432494464	0.0
35181954	0.0
3345651075	0.26666666666666666
228332932	0.4
489665926	0.1
2964180545	0.2894736842105263
456914175	0.0
14243220	0.0
2427549086	0.15833333333333333
2759456160	0.0
101914864	0.1622895622895623
23483810	0.13445378151260504
2613558854	0.20952380952380953
3246577062	0.0
66983336	0.6666666666666666
3237229994	0.35333333333333333
9475502	0.051587301587301584
75940765	0.29239766081871343
76567984	0.2011228208411307
3190478261	0.22727272727272727
152778171	0.0
496309694	0.3626373626373626
1105188288	0.6666666666666666
775427521	0.26666666666666666
2398090694	0.06842105263157895
1969567710	0.3
86963658	0.3333333333333333
4263007693	0.37777777777777777
7624142	0.0
4015060433	0.06666666666666667
519820754	0.23809523809523808
3432445396	0.0
28153302	0.13852813852813853
1575393529	0.6666666666666666
975635364	0.23976608187134502
1900443103	0.11688311688311688
3684898274	0.0
71276004	0.0
170800613	0.3333333333333333
3170121190	0.3894736842105263
2382747114	0.07142857142857142
22599149	0.391812865497076
368252398	0.32727272727272727
62963	0.21428571428571427
79975924	0.1396103896103896
18472532	0.2721774193548387
1973614081	0.2727272727272727
3259823618	0.3
587560451	0.31
398087684	0.2074468085106383
1973701129	0.5357142857142857
479507982	0.23809523809523808
551245327	1.0
2647307792	0.48717948717948717
2699097006	0.2857142857142857
22631958	0.29405940594059404
237401623	0.16666666666666666
374986265	0.0
2160775710	0.2087912087912088
25253403	0.08088235294117647
1260189216	0.6
1939543586	0.0
3028547107	0.5
537376293	0.0
18986537	0.1606469002695418
242783787	0.3181818181818182
622384685	0.26811594202898553
18503214	0.24151967435549526
80598575	0.9848484848484849
8984112	0.16666666666666666
2873251381	0.4666666666666667
3247654741	0.0
281540151	0.16981132075471697
3138213432	0.25825825825825827
17937980	0.17517006802721088
585047222	0.24358974358974358
123221568	0.0
1971533377	0.16666666666666666
2573096520	0.4495967741935484
622974542	0.28536585365853656
96220751	0.2
4055905875	0.0
18249300	0.3333333333333333
513128718	0.30114942528735633
1976899165	0.17857142857142858
717944414	0.3622448979591837
1974103916	0.23809523809523808
17839035	1.0
486970980	0.218626968503937
14358801	0.28888888888888886
163935850	0.3333333333333333
393033324	0.05620277664048833
246756973	0.2
98211439	0.4666666666666667
330659442	0.5
2289858163	0.26515151515151514
1970632314	0.3055555555555556
36959871	0.15533199195171027
227866245	0.3561253561253561
21804678	0.3333333333333333
705287821	0.17704350335473631
30447246	0.0
320296591	0.6666666666666666
11417232	0.0
3872461763	0.3
465532565	0.29523809523809524
3182802582	0.21794871794871795
2297820823	0.0
34739864	0.3029871977240398
2362717849	0.2915422885572139
16029341	0.0
2209709680	0.1523809523809524
258594466	0.0
18920390	0.316036036036036
2401883815	0.26916221033868093
3108058792	0.3333333333333333
2706642602	0.42857142857142855
14341804	0.15019762845849802
3159733934	1.0
171061292	0.3862433862433862
2396460720	0.23931623931623933
441462419	0.33063427800269907
2882557621	0.17564102564102563
45364918	0.16778398510242085
370824887	0.48095238095238096
39327417	0.4308300395256917
296163002	0.28421052631578947
1977931453	0.04093567251461988
2480928458	0.2556862745098039
458487500	0.4
897840847	0.21052631578947367
1970829013	0.1388888888888889
2485277647	0.0
48740061	0.22794117647058823
24745694	0.22333333333333333
14333672	0.2545454545454545
309278443	0.0
2494215919	0.4380952380952381
43112176	0.10935524652338811
1344611514	0.2857142857142857
256210681	0.043333333333333335
103044858	0.18215475749722326
4165408514	0.3333333333333333
2329057027	0.0
239654660	0.0
2579887878	0.2053872053872054
1496841	0.2145123384253819
239499018	0.0
1002477324	0.11744768641320366
113022733	0.19580986516470386
23320335	0.2909090909090909
3865777936	0.25274725274725274
1970378515	0.21978021978021978
125343508	0.31868131868131866
1690834711	0.2564102564102564
85776157	0.1598639455782313
102995744	0.0
1623111458	0.17582417582417584
1971064454	0.06666666666666667
191174438	0.04501960784313726
41359148	0.0
2775430839	0.0
1493423918	0.5
538369672	0.15151515151515152
2297624370	0.2909090909090909
2807600952	0.31585365853658537
3439236921	0.4
171783994	0.33098039215686276
3248559937	0.0
201078599	1.0
15505224	0.25075075075075076
3044923210	0.38825757575757575
2515785547	1.0
3246626636	0.0
2343278418	0.2222222222222222
320739158	0.3333333333333333
110630743	0.1286549707602339
3366246233	0.24596774193548387
3118643514	0.38461538461538464
4492392287	0.0
2953918306	0.3888888888888889
1974384955	0.5238095238095238
149296998	0.3161764705882353
1244100456	0.24759615384615385
1314658153	0.0
112678762	0.0
29908626	0.13333333333333333
1974818671	1.0
2869311345	0.41333333333333333
252335986	0.16666666666666666
304443027	0.1111111111111111
2214516601	0.43956043956043955
373995388	0.31109806224310044
552851327	0.23485513608428446
1976317832	0.3884376493072145
1973005975	0.5
2715882964	0.6666666666666666
19827010	0.10582010582010581
989845394	0.19696969696969696
28350788	1.0
396365748	0.20923076923076922
467703710	0.16216216216216217
2607404960	0.24821610601427116
2891306913	0.0
139736999	0.3403921568627451
2781232796	0.16666666666666666
21747635	0.4666666666666667
20404150	0.2
29292473	0.07811921510551648
486807484	0.06666666666666667
276161525	0.22875816993464052
1948680224	0.03529411764705882
16259018	0.6666666666666666
80316457	0.0
456980432	0.2431865828092243
187873235	1.0
63682517	0.28205128205128205
2425575384	0.3098982423681776
2884081625	0.5
155269082	0.0
3342456795	0.0
631109596	0.35294117647058826
1971419101	0.3333333333333333
293681118	0.13333333333333333
993616800	0.5714285714285714
3169843175	0.1388888888888889
1248037202	0.6666666666666666
3316389871	0.0
557922291	0.38181818181818183
557742068	0.2450592885375494
574776702	0.0
61175801	0.0412262156448203
1134681643	0.0
2363897858	0.35555555555555557
7205482	0.41904761904761906
2366183431	1.0
558997164	0.07272727272727272
15665495	0.39166666666666666
22149133	0.2518796992481203
18331663	0.5
37389661	0.06666666666666667
2818574948	0.0
33167379	0.25691699604743085
385980436	0.0
25868312	0.2909090909090909
41187353	0.229760289461782
380786715	0.284593837535014
3187587100	0.5818181818181818
52500519	0.2530612244897959
1969141800	0.2777777777777778
378653020	0.42857142857142855
54982700	0.3111111111111111
1968574130	0.35714285714285715
16111664	0.30303030303030304
30210098	0.0
4112218163	0.3333333333333333
1397094452	0.3333333333333333
169769013	0.167816091954023
73537590	0.20512820512820512
2353625143	0.3333333333333333
390368948	0.3333333333333333
4190722399	0.0
2387851327	0.26666666666666666
3325581376	0.0
3074897985	0.8333333333333334
123844674	0.35947712418300654
2931368971	0.2
35657797	0.0
429135945	0.2278127183787561
50001997	0.18872271794227305
1976752206	0.3333333333333333
1347139676	0.21978021978021978
1303918686	0.42857142857142855
2929514595	0.26666666666666666
852858570	0.0
3225789458	0.1523809523809524
16202088	0.2943722943722944
3285563508	0.35306553911205074
17520759	1.0
369121405	0.6666666666666666
3176814719	0.18333333333333332
392231275	0.0
14817416	0.22901849217638692
2483692567	0.0
2759483712	0.16666666666666666
15815704	0.1225071225071225
186144914	0.12326530612244897
3254876308	1.0
21231765	0.10909090909090909
1352841367	0.0
1974141978	0.26666666666666666
1316821152	0.0
95262882	0.12121212121212122
1974925428	1.0
3432533932	0.0
4341481289	0.3333333333333333
435263663	0.41025641025641024
2759522480	0.5
3055319223	0.3333333333333333
139819194	0.28780487804878047
435484860	0.8095238095238095
14432446	0.11428571428571428
1973373301	0.47619047619047616
297316043	0.0
522454049	1.0
2189203662	0.37777777777777777
543291601	0.2857142857142857
1971517651	0.17647058823529413
2788268246	0.5333333333333333
1019082967	1.0
3386333403	0.16779661016949152
145062108	0.03632534306062185
248002781	0.3333333333333333
1975843039	0.2692307692307692
744052964	0.31194295900178254
32839909	0.015151515151515152
62475985	0.19444444444444445
1977325800	0.16666666666666666
2825705712	0.31288542680947745
1977219320	0.0
2205314772	0.27705627705627706
251446550	0.26666666666666666
4017133823	0.0
2828007681	0.0
4426152196	0.19696969696969696
81312009	0.4
4063809856	0.1323529411764706
1386338574	0.16822897137857767
1969764625	0.21212121212121213
132913426	0.13333333333333333
2990736697	0.15579710144927536
444958420	0.4
320788760	0.09982174688057041
2507741466	0.2777777777777778
1969871132	0.0
56760605	0.31183673469387757
1449933086	0.36139455782312924
255891748	0.0
51987505	0.34558823529411764
1474091304	0.13333333333333333
2165203542	0.3125
15448368	0.38095238095238093
3006224776	0.0
34236754	0.3492063492063492
405715257	0.38181818181818183
1286060346	0.26245847176079734
258070843	0.3157894736842105
182524220	0.1
24549694	0.0
3359799615	0.25925925925925924
2233538881	0.5
342825283	0.32227891156462585
2745129284	0.4166666666666667
267958598	0.15
2536309816	0.26406926406926406
317688192	0.0
1973530339	0.6
92281176	0.9848484848484849
1971435865	0.09523809523809523
2817241	0.12331969608416131
15612251	0.1616608147552773
2585287004	0.14705882352941177
2847163450	0.0
24099167	0.38095238095238093
1974163808	0.2
1971231073	0.2
3149379939	0.18269812462189958
1969641830	0.0
45758823	0.0
1147836776	0.3523809523809524
15907179	0.5777777777777777
330357100	0.17857142857142858
1024244078	0.04363933374172282
119660063	0.2
1969502581	0.2
16832889	0.0
1977293178	0.32142857142857145
1970813316	0.3333333333333333
2388048264	0.3106060606060606
993431276	0.3484848484848485
157793993	0.26666666666666666
3187304855	0.3333333333333333
569923981	0.5714285714285714
1974663572	0.42857142857142855
437377431	0.0
98490780	0.1
352254365	0.24107744107744108
3109935521	0.4
2964584867	0.18910585817060638
48298404	0.026143790849673203
1969196785	0.0
2166143402	0.0
2828286379	0.36363636363636365
2926795186	0.0
91273652	0.16666666666666666
422926774	0.5
150198711	0.3516483516483517
24230328	0.1111111111111111
81099196	0.6666666666666666
2785311167	0.0
630349063	0.2119482496194825
842397337	0.1
15441074	1.0
39762378	0.2989247311827957
76003797	0.09090909090909091
43031001	0.7142857142857143
138435034	0.07142857142857142
1978816994	0.0
32807399	0.0
2460662251	0.14595452141723955
2247498223	0.3333333333333333
899324401	0.35555555555555557
60692978	0.1975806451612903
784885	0.18947368421052632
3018660342	0.0
1372338679	0.3333333333333333
14305706	0.28888888888888886
419650046	0.1
3311737344	0.0
4471028232	0.17142857142857143
293397557	0.0
3968064012	1.0
2979781133	0.09401709401709402
27056655	0.0
284080656	0.3333333333333333
1969732118	0.2
839129628	0.0
23198237	0.275
490576415	0.21428571428571427
1976637986	0.0
213793315	0.26745098039215687
1976891941	0.23809523809523808
2208242214	0.0
586463783	0.21904761904761905
3247012393	0.24175824175824176
81697325	0.0
2288613934	0.3333333333333333
49011247	0.18181818181818182
85277239	0.0
343849528	0.4222222222222222
2166806964	0.20526315789473684
238950248	0.0
1973253216	0.3055555555555556
2800441922	0.12211538461538461
3688913475	0.6
825964982	0.14285714285714285
2751789639	0.4199134199134199
20748873	0.17392446633825945
2835298893	0.0
1977326160	0.16666666666666666
114696320	0.2777777777777778
3432356439	0.0
15240975	0.0
166935132	0.3162393162393162
1969625696	0.3333333333333333
39254626	0.25
389069412	0.0
3196612999	0.6
2402548327	0.08743169398907104
3432528316	0.0
18004144	0.20748299319727892
3279075948	0.7333333333333333
163363440	0.6666666666666666
2330573426	0.26297335203366057
80591477	0.8717948717948718
1973230200	0.4
16620153	0.14285714285714285
1353898620	0.23529411764705882
600030997	0.5
1624095361	0.24086021505376345
234370155	0.0
3082566287	0.3333333333333333
2381027984	0.0
2241428113	0.23213624583487596
3113507478	0.47435897435897434
1708202648	0.0
44612255	0.0
36436642	0.3442028985507246
126073286	0.2632135306553911
2362571310	0.09523809523809523
3247725224	0.0
948361897	0.6
1977162414	0.17857142857142858
201980592	0.2489772063120982
263244232	1.0
17324722	0.42857142857142855
109009589	0.31981981981981983
89532873	0.2
3224935096	0.0
324606654	0.2
491551423	0.23436603557085484
526924480	0.8333333333333334
141160224	0.24166666666666667
1131535044	0.03571428571428571
2583938166	0.34708392603129445
1652865734	0.28205128205128205
327375562	0.0
72708499	0.14481897627965043
3318397646	1.0
3077843405	0.0
45603536	0.0
1217764052	0.5
1971149527	0.6666666666666666
189135579	0.0
3317611233	0.3333333333333333
1976452219	0.3333333333333333
3093936649	1.0
19438311	0.3196687370600414
4243733224	0.5777777777777777
1480809193	0.2366887955561577
270358802	0.19444444444444445
912423662	0.0
3397090031	0.0
2981403377	0.10826210826210826
3251837685	0.3333333333333333
2828720887	0.42735042735042733
167520724	0.3333333333333333
1014921978	0.5
262413057	0.23859126984126985
3093240579	0.16666666666666666
179190532	0.0
1109498630	0.0
19954443	0.15151515151515152
31931149	0.2948717948717949
1975515924	0.47619047619047616
1949391637	0.026755718683875367
166998234	0.0
2361342745	0.0
17521435	0.19047619047619047
19774238	0.2
249862948	0.0
1169234725	0.3333333333333333
115104550	0.6
3173251882	0.0
3063208751	0.4
920051202	0.2013888888888889
47979320	0.13186813186813187
97631035	0.41830065359477125
310647612	0.0
4104198975	0.5714285714285714
286047049	0.3333333333333333
16816972	0.04424299614807481
34675533	0.0
4142472015	0.0
832936784	0.09090909090909091
158522193	0.26331615120274915
21899812	0.26666666666666666
36674399	0.23529411764705882
17791840	0.10909090909090909
43866979	0.3333333333333333
1973025637	0.16666666666666666
2893389401	0.0
2581101416	0.27828054298642535
17087338	0.2391304347826087
4551531372	0.5357142857142857
163838833	0.47619047619047616
96107378	0.0
36215668	0.5
19528573	0.3105263157894737
2839837569	0.0
1973246443	0.5238095238095238
2463677318	0.19384615384615383
3297827720	0.5
269368205	0.0
2798041999	0.18181818181818182
619051920	0.475
140786594	0.38257575757575757
222206900	0.13450292397660818
47487925	0.18417814960629922
4054023094	0.3091655266757866
2371401	0.27450980392156865
806771641	0.0
538385339	0.4
236044106	0.4
204503999	0.14285714285714285
505526255	0.3333333333333333
1975770956	0.2
35494858	0.0
1397824460	0.28
17324109	0.35714285714285715
1651481552	0.4727272727272727
554728401	0.5
230423507	0.2692307692307692
80608213	0.8717948717948718
178100184	0.0
2561907674	0.258974358974359
4352687067	0.37777777777777777
14138333	0.27705627705627706
4370562018	0.19047619047619047
37886950	1.0
1927408124	0.0
1604205546	0.16551724137931034
76561387	0.08496732026143791
28629996	0.14285714285714285
17824749	0.1
1973386224	0.5
2493477686	0.6666666666666666
3028950004	0.3123123123123123
55618046	0.19611470860314523
4009560641	0.8095238095238095
1973026644	0.4444444444444444
1570561969	1.0
1610955776	0.12727272727272726
119074646	0.19636617749825297
1973124102	0.42857142857142855
337712369	0.5333333333333333
323191980	0.0
3588406282	0.0
1969544203	0.6666666666666666
139779091	0.18333333333333332
1973181462	0.8333333333333334
69311511	0.2909090909090909
3308182553	0.3090909090909091
224762908	0.3333333333333333
2828483616	0.4727272727272727
1410636835	0.38285714285714284
18318677	0.0787906550618415
45368497	0.3333333333333333
1269972008	0.17429938482570062
2474820182	0.3730382293762575
2841820205	0.3055555555555556
1975535155	0.16666666666666666
247364660	0.20082815734989648
74820860	1.0
3246701065	0.0
62774328	0.45454545454545453
470355807	0.16666666666666666
28572732	0.1471861471861472
3928518496	0.38095238095238093
18775111	0.0
2773171272	0.19047619047619047
3418659917	0.0
114646096	0.25517241379310346
28736594	0.3333333333333333
203095125	0.23641398407753547
245972054	0.5233333333333333
110722135	0.6666666666666666
211270746	0.10666666666666667
2285509723	0.3244073748902546
499014749	0.1553391230969375
275430494	0.3619047619047619
2150111760	0.0
111418467	0.2709397344228805
38001764	0.26666666666666666
130833514	0.2777777777777778
3910499435	0.16666666666666666
293698668	0.0
2797943921	0.19738751814223512
823999602	0.0
142449780	0.0
204741751	0.0
135150713	0.16464237516869096
1977810043	0.13333333333333333
1969306748	0.0
248487038	0.26136363636363635
2843188352	0.39285714285714285
61001779	0.41578947368421054
3240893573	0.341991341991342
22813045	0.6666666666666666
7371912	0.4
3091307657	0.3815987933634992
15064202	0.3790849673202614
97156238	0.6
216685712	0.16666666666666666
142240280	1.0
595745938	0.26666666666666666
2894827157	0.0
177276100	0.29411764705882354
59784346	0.3646723646723647
2650242205	0.3333333333333333
116807082	0.0
550894758	0.0
137755818	0.3382352941176471
16981170	0.30153846153846153
15646579	0.3333333333333333
4361723061	0.4
991493304	0.5
4196400313	0.06666666666666667
1968905402	0.3333333333333333
2203622587	0.0
3958521020	0.0
340343999	0.0
3249691843	0.16666666666666666
3161843418	0.06493506493506493
1376926921	0.15584415584415584
53337291	0.42328042328042326
1961180365	0.6666666666666666
3432479950	0.0
3356052532	0.03627267041901188
265665746	0.6190476190476191
473979427	0.3333333333333333
239744206	0.0
1413406224	0.14285714285714285
229326039	0.23636363636363636
2324585689	0.3
2149334239	0.47368421052631576
23051490	0.19852941176470587
583072999	0.5
89651241	0.3333333333333333
3018841323	0.10960713106635854
2657066220	0.15789473684210525
376421615	0.3333333333333333
634633459	0.0
238124280	0.15151515151515152
1010810106	0.11770615967230852
185375999	0.26666666666666666
3167116544	0.2857142857142857
1089576194	0.0
477271714	0.2831765935214211
145399045	0.0
317005063	0.06631578947368422
27393288	0.47435897435897434
30915849	0.0
1181015306	0.25146198830409355
1973493008	0.2
3237519565	0.1
1013800212	0.22857142857142856
112778517	0.3333333333333333
1969970454	0.26666666666666666
2979527959	0.2948717948717949
17112346	0.3888888888888889
2711747119	0.3660130718954248
3235339552	0.3298245614035088
3906851	0.24
1900469540	0.16666666666666666
16317733	0.09057971014492754
11230502	0.24537173082574198
46046503	0.22598870056497175
2777050962	0.47619047619047616
279887155	0.0
292511030	0.20056497175141244
41246008	0.3
15113529	0.07990012484394507
199376187	0.18181818181818182
336289087	0.11538461538461539
29220160	0.26900584795321636
3289988417	0.21578947368421053
894057794	0.07778557168294394
3467705667	0.5333333333333333
609451332	0.16666666666666666
1632320839	0.391304347826087
3432422729	0.0
2776096074	0.3415384615384615
1973837131	0.0
163511629	0.26666666666666666
845126990	0.22105263157894736
17751376	0.13333333333333333
2387279186	0.0
18758995	0.327683615819209
222092629	1.0
892149080	0.22404040404040404
19365210	0.31891891891891894
120487264	0.23809523809523808
40082786	0.2864693446088795
3067313507	0.1774891774891775
24755557	0.23076923076923078
2982264166	0.3616326530612245
25722218	0.08343434343434343
3315791511	0.5238095238095238
2494308242	0.6666666666666666
23313775	0.11397849462365592
85138805	0.40476190476190477
26541437	0.25
292232574	0.29466484268125853
2249121151	0.1041223969400765
382249303	0.6666666666666666
34040385	0.1111111111111111
3370835339	0.25263157894736843
1933518061	0.0
14065040	0.16306428008555668
2720144785	0.0
874872211	0.4
1976712596	0.2
2800639381	0.3384615384615385
3278421398	0.0
3230203290	0.5333333333333333
3097157020	0.30434782608695654
219864479	0.0
119987616	0.26098431920509235
1007377825	1.0
3246796699	0.0
1977728420	0.0
309779877	0.10606060606060606
14335399	0.21568627450980393
39296425	0.28205128205128205
4067892652	0.5
485252525	0.0
1705567818	0.21169415292353824
317005231	0.17237643872714964
412409266	0.1111111111111111
161267123	0.0
555031989	0.06980236215799157
3222403600	0.18333333333333332
3432406457	0.0
17055162	0.07625965640493486
4417338814	0.3123543123543124
2723790752	0.3438735177865613
2221997506	0.3333333333333333
295681476	0.335632183908046
3064266184	0.20149253731343283
2153053644	0.14356974424088517
3246726613	0.6666666666666666
3138067931	0.0
554048989	0.0
1612873183	0.0
243580387	0.0
134856164	0.17813765182186234
1192615399	0.15
1355685355	0.25045372050816694
20135404	0.6666666666666666
61316589	0.38461538461538464
2239413745	0.4274193548387097
1384160756	0.4
2292563448	0.24358974358974358
3010502138	0.3915343915343915
3716406196	0.4666666666666667
612855722	0.322463768115942
2228749568	0.0
1977146882	0.08823529411764706
93617673	0.0
1005501962	0.3333333333333333
1853873676	1.0
610720488	0.3333333333333333
4208606734	0.2
879099408	0.28591749644381226
80559638	1.0
979484185	0.0
3432353711	0.0
567549471	0.3333333333333333
313826848	0.26666666666666666
129064482	0.07300224047796863
175292337	0.16666666666666666
3303546409	0.2354152367879204
1632665131	0.05555555555555555
1693482542	0.21
138526255	0.20512820512820512
1673731634	0.0
3432293385	0.0
3289111376	0.41818181818181815
1971314233	0.19047619047619047
3379002940	0.0
2776333886	1.0
1977611946	0.0
2286607940	0.3333333333333333
1970355782	0.2857142857142857
629055051	0.16615384615384615
296615500	0.2904761904761905
4142870296	0.04804392587508579
101686864	0.0
200080977	0.2680379746835443
384319060	0.19576719576719576
3175513689	0.3794466403162055
104005212	0.2916666666666667
1976835680	0.2
470007393	0.6666666666666666
95862372	0.0
328990309	0.07173142535360562
36773483	0.24183006535947713
1352605296	0.4358974358974359
18226808	0.09090909090909091
111386235	0.16666666666666666
148848255	0.21739130434782608
3291455105	0.8333333333333334
243932802	0.2281639928698752
18136707	0.5
2902154885	0.6666666666666666
212024966	0.21523410202655485
3353484935	0.16363636363636364
57671304	0.0
1973042826	0.24183006535947713
229858959	0.18233618233618235
1408720530	0.2
3247718036	0.0
1606377109	0.3201058201058201
32718488	0.0
2738415133	0.3333333333333333
2803728031	0.0
1180622503	0.2106280193236715
47922858	0.35294117647058826
4180139692	0.0
19791535	0.25
19726002	0.28484848484848485
2343558836	0.2653276955602537
17088183	0.17142857142857143
361111228	0.13387607417458164
1176592062	0.16666666666666666
1732443842	0.5
1977769669	0.14285714285714285
20184774	0.1388888888888889
75300553	0.16666666666666666
2816450251	0.14285714285714285
12861132	0.18376623376623377
16309969	0.07246376811594203
579518165	0.4064516129032258
3727769303	0.1761006289308176
2811616986	0.2777777777777778
26689244	0.0
21282526	0.3111111111111111
22091828	0.23333333333333334
263749346	0.0
38682339	0.48717948717948717
38993636	1.0
2273599211	0.0
1067429900	0.0
488349425	0.08179980853100734
391257842	0.0
3245924084	0.3333333333333333
529514235	1.0
24837884	0.2727272727272727
159006461	0.3225806451612903
1969372933	0.3333333333333333
1977660716	0.19047619047619047
3198426893	0.37142857142857144
14229262	0.24666666666666667
3095789328	0.6666666666666666
2673196818	0.0
3432357651	0.0
934248212	0.8333333333333334
48291605	0.06666666666666667
20578073	0.233201581027668
133193500	0.1730263157894737
19185441	0.10476190476190476
3248897826	0.21212121212121213
48684836	0.13333333333333333
1974959912	0.13333333333333333
16752427	0.4090909090909091
2433572658	0.23843021103295076
22824243	0.23207617625093352
17604404	0.4666666666666667
31137589	0.15565610859728507
1975426873	0.6190476190476191
3187019743	0.0
1601621984	1.0
861765444	0.07771887550200803
1974834403	0.3
270958410	0.31451612903225806
15114060	1.0
2203684834	0.0
1250033486	0.42857142857142855
44171091	0.056844503512435925
2287804244	0.0
3169916217	0.32007575757575757
2285182808	0.0
73891680	0.2734107241569928
1977229158	0.2857142857142857
22937449	0.32142857142857145
21258091	0.2833333333333333
3130646386	0.6666666666666666
633287684	0.08630599798165943
2473721719	0.14285714285714285
2510044968	0.3111111111111111
1979309948	0.4
1686568830	0.0
3320692610	0.16891828058573452
2375596694	0.0
1973608326	0.3888888888888889
1976508295	0.1
30531467	0.0
17375116	0.05860805860805861
7574302	0.2545454545454545
198639504	0.15653389238294899
80592785	0.5916666666666667
2914516882	0.3333333333333333
20328430	0.0
53919639	0.0
1924513688	0.15315315315315314
1973829535	0.16666666666666666
2164801440	0.43636363636363634
3551952803	0.25735294117647056
1973198756	0.2857142857142857
1305214886	0.0
571146156	0.0
3305717677	0.0
198483889	0.0417778475383247
196722612	0.09090909090909091
18333622	0.25757575757575757
92116297	0.25925925925925924
329080768	1.0
491397059	0.4444444444444444
2817687492	0.18681318681318682
323174342	0.09523809523809523
353779656	1.0
1510965194	0.6797385620915033
212242423	0.6666666666666666
2789444258	0.475
1972535246	0.25
3165282255	0.1871345029239766
2313101264	0.0
1974329336	0.3111111111111111
140214236	0.2222222222222222
82165727	0.0
2542690273	0.3333333333333333
105889762	0.3333333333333333
147382246	0.35333333333333333
58028028	0.4358974358974359
707985387	0.09166666666666666
2778685422	0.3238095238095238
3251429373	0.0
2356428786	0.2857142857142857
437706739	0.14626865671641792
622854132	0.2206896551724138
277651445	0.8333333333333334
2559201936	0.1360332294911734
187497609	0.0
195764221	0.3932367149758454
480239615	0.32105263157894737
